{"ZrxVault": [{"EED": [5, 0.028121232986450195], "CCD": [43, 0.026055097579956055]}, {"EED": [16, 0.026549339294433594]}], "Zunami": [{"VVR": [1, 0.05179429054260254], "UORD": [1, 0.051419734954833984]}, {"AOR": [2, 0.05755925178527832], "BLR": [2, 0.056971073150634766]}]}